video_id,youtube_title,display_title,batch
ZoK4zmajosQ,2026 NANP Legislative Affiars,2026 NANP Legislative Affairs,1
ye9JdubZuh4,8/19/22 Business Mastermind Recording,"Business Mastermind — Aug 22, 2025",1
OSESR5LXYhk,Be - Do- Have Exercise. Business Mastermind Live [4/2/2025],"Business Mastermind — Apr 2, 2025",1
CwjiItilDsY,Business Mastermind - 12/10/2024,"Business Mastermind — Dec 22, 2024",1
oAaUv6BdrlQ,Business Mastermind - 12/3/2024,"Business Mastermind — Dec 22, 2024",1
ndzN7B28ze8,Business Mastermind 12/17/2024,"Business Mastermind — Dec 22, 2024",1
f61zVrZki7Y,Business Mastermind Call - 1/14/2025 [recording],"Business Mastermind — Jan 16, 2025",1
TvfkdmyUFOc,Business Mastermind Call - Jan 7 2025,"Business Mastermind — Jan 8, 2025",1
rgs3jUpzCxk,Business Mastermind Call: 2025-01-15T00:29:38Z,"Business Mastermind — Jan 15, 2025",1
i4Lpj9ts3tg,Business Mastermind Call: 2025-01-22T00:30:34Z,"Business Mastermind — Jan 22, 2025",1
o-Srcn44WR4,Business Mastermind Call: 2025-01-29T00:30:38Z,"Business Mastermind — Jan 29, 2025",1
v_4Wt2sIOm0,Business Mastermind Call: 2025-02-19T00:26:51Z,"Business Mastermind — Feb 19, 2025",1
hU9FVqSFavg,Business Mastermind Call: 2025-02-26T00:28:51Z,"Business Mastermind — Feb 26, 2025",1
Kuut1JUMPZg,Business Mastermind Call: 2025-03-11T23:30:11Z,"Business Mastermind — Mar 11, 2025",1
cGynGXt8G3g,Business Mastermind Call: 2025-03-13T23:25:46Z,"Business Mastermind — Mar 13, 2025",1
AY2vhJXkMsc,Business Mastermind Call: 2025-03-18T23:32:49Z,"Business Mastermind — Mar 18, 2025",1
SruajJCkDQs,Business Mastermind Call: 2025-04-08T23:30:25Z,"Business Mastermind — Apr 8, 2025",1
nHkDrmJqudg,Business Mastermind Call: 2025-04-22T14:03:23Z,"Business Mastermind — Apr 22, 2025",1
ehJm_GCJnPg,Business Mastermind Call: 2025-05-13T23:30:00Z,"Business Mastermind — May 13, 2025",1
1JviX-efwW4,Business Mastermind Call: 2025-05-20T23:29:58Z,"Business Mastermind — May 20, 2025",1
4EHGbqix67M,Business Mastermind Call: 2025-05-27T23:30:14Z,"Business Mastermind — May 27, 2025",1
lzeRvUav9pg,Business Mastermind Call: 2025-06-10T23:29:57Z,"Business Mastermind — Jun 10, 2025",1
AYGRGt-BXxU,Business Mastermind Call: 2025-06-17T13:57:31Z,"Business Mastermind — Jun 17, 2025",1
lauXRen5Zgs,Business Mastermind Call: 2025-06-27T16:28:58Z,"Business Mastermind — Jun 27, 2025",1
9xIpWS110o8,Business Mastermind Call: 2025-07-01T23:31:14Z,"Business Mastermind — Jul 1, 2025",1
Cuky2weDHJ4,Business Mastermind Call: 2025-07-08T23:28:16Z,"Business Mastermind — Jul 8, 2025",1
MeoaJKv65L4,Business Mastermind Call: 2025-07-29T23:30:08Z,"Business Mastermind — Jul 29, 2025",1
gmN95z9MD0w,Business Mastermind Call: 2025-08-05T23:31:22Z,"Business Mastermind — Aug 5, 2025",1
iYjdSBo8WFo,Business Mastermind Call: 2025-08-26T23:28:55Z,"Business Mastermind — Aug 26, 2025",1
MavwLg9fu6k,Business Mastermind Call: 2025-09-02T23:27:36Z,"Business Mastermind — Sep 2, 2025",1
PvVeH_gFSuU,Business Mastermind Call: 2025-09-09T23:28:49Z,"Business Mastermind — Sep 9, 2025",1
LZtRoQUCpj0,Business Mastermind Call: 2025-09-16T23:30:29Z,"Business Mastermind — Sep 16, 2025",1
BrUwYmpFTP4,Business Mastermind Call: 2025-09-23T23:28:01Z,"Business Mastermind — Sep 23, 2025",1
rV2bJSp8nDA,Business Mastermind Call: 2025-09-30T15:55:58Z,"Business Mastermind — Sep 30, 2025",1
xcCTmO1IDh0,Business Mastermind Call: 2025-09-30T23:30:23Z,"Business Mastermind — Sep 30, 2025",1
QTPKmD3DeyQ,Business Mastermind Call: 2025-10-07T23:30:58Z,"Business Mastermind — Oct 7, 2025",1
KkRqAVSWxHI,Business Mastermind Call: 2025-10-14T23:30:06Z,"Business Mastermind — Oct 14, 2025",1
zaX51KFpA3M,Business Mastermind Call: 2025-10-16T14:58:29Z,"Business Mastermind — Oct 16, 2025",1
lOI_zD8AHB4,Business Mastermind Call: 2025-10-21T23:29:27Z,"Business Mastermind — Oct 21, 2025",1
PqzTts7ovCo,Business Mastermind Call: 2025-10-23T18:57:09Z,"Business Mastermind — Oct 23, 2025",1
5v7zsdlNfic,Business Mastermind Call: 2025-10-28T23:27:17Z,"Business Mastermind — Oct 28, 2025",1
R5WNvZpZ9LI,Business Mastermind Call: 2025-11-05T00:29:19Z,"Business Mastermind — Nov 5, 2025",1
7ay-ezOoJmw,Business Mastermind Call: 2025-11-12T00:30:08Z,"Business Mastermind — Nov 12, 2025",1
yAqi_YmaY2o,Business Mastermind Call: 2025-11-13T16:00:01Z,"Business Mastermind — Nov 13, 2025",1
UZwWQwFQL9k,Business Mastermind Call: 2025-11-19T00:30:20Z,"Business Mastermind — Nov 19, 2025",1
cbNS13kr1v8,Business Mastermind Call: 2025-12-03T00:29:08Z,"Business Mastermind — Dec 3, 2025",1
Yg0tIZhtLwQ,Business Mastermind Call: 2025-12-04T15:59:34Z,"Business Mastermind — Dec 4, 2025",1
5A4PMDYS1PM,Business Mastermind Call: 2025-12-10T00:29:36Z,"Business Mastermind — Dec 10, 2025",1
XfwIYoPy614,Business Mastermind Call: 2025-12-11T15:00:24Z,"Business Mastermind — Dec 11, 2025",1
-FD5ffxRz8o,Business Mastermind Call: 2025-12-11T19:59:59Z,"Business Mastermind — Dec 11, 2025",1
z-kt8iUbq-Q,Business Mastermind Call: 2025-12-17T00:30:37Z,"Business Mastermind — Dec 17, 2025",1
XXKHzHqFDoE,Business Mastermind Call: 2025-12-31T00:30:26Z,"Business Mastermind — Dec 31, 2025",1
Q3qPuW4_xmI,Business Mastermind Call: 2026-01-05T14:00:23Z,"Business Mastermind — Jan 5, 2026",1
IgWLG60za6I,Business Mastermind Call: 2026-01-07T00:30:17Z,"Business Mastermind — Jan 7, 2026",1
ixln05NMD9Y,Business Mastermind Call: 2026-01-09T00:23:32Z,"Business Mastermind — Jan 9, 2026",1
m8UqHoImrBo,Business Mastermind Call: 2026-01-14T00:31:53Z,"Business Mastermind — Jan 14, 2026",1
zqic8sdcZDY,Business Mastermind Call: 2026-01-15T00:26:06Z,"Business Mastermind — Jan 15, 2026",1
yh5KUGc1IqU,Business Mastermind Call: 2026-01-21T00:27:10Z,"Business Mastermind — Jan 21, 2026",1
oh0hIOIaSVs,Business Mastermind Call: 2026-01-28T00:30:08Z,"Business Mastermind — Jan 28, 2026",1
y5Ew1nRdo2g,Business Mastermind Call: 2026-02-04T00:30:48Z,"Business Mastermind — Feb 4, 2026",1
78LuF3xAH2Q,Business Mastermind Call: 2026-02-11T00:30:26Z,"Business Mastermind — Feb 11, 2026",1
QjoHAktFpyY,Business Mastermind Call: 2026-02-12T16:00:07Z,"Business Mastermind — Feb 12, 2026",1
mKjNVHPxE5E,Business Mastermind Call: 2026-02-12T20:00:18Z,"Business Mastermind — Feb 12, 2026",1
qiFX3iXdXEw,Business Mastermind Call: 2026-02-18T00:28:53Z,"Business Mastermind — Feb 18, 2026",1
-8wVerExLfQ,Business Mastermind Call: 2026-02-25T00:30:12Z,"Business Mastermind — Feb 25, 2026",1
tgVzS8Ew5zw,Business Mastermind Call: 2026-03-04T00:29:43Z,"Business Mastermind — Mar 4, 2026",1
nwitaWk9JjQ,Business Mastermind Call: 2026-03-09T14:00:32Z,"Business Mastermind — Mar 9, 2026",1
7V3S-IqmMIo,Business Mastermind Call: 2026-03-10T23:30:38Z,"Business Mastermind — Mar 10, 2026",1
bFh8RpMQd2E,Business Mastermind Call: 2026-03-17T23:29:31Z,"Business Mastermind — Mar 17, 2026",1
HyTDh-9UTPg,Business Mastermind Call: 2026-03-19T14:57:16Z,"Business Mastermind — Mar 19, 2026",1
9F4xYICEi0w,Business Mastermind Call: 2026-03-20T16:56:34Z,"Business Mastermind — Mar 20, 2026",1
Lk9hAJrLpzg,Business Mastermind Call: 2026-03-24T23:29:11Z,"Business Mastermind — Mar 24, 2026",1
MY5r2lVsg9Q,Business Mastermind Call: 2026-03-26T18:55:11Z,"Business Mastermind — Mar 26, 2026",1
89xzYb3MjBM,Business Mastermind Call: 2026-03-30T13:55:09Z,"Business Mastermind — Mar 30, 2026",1
tE2YM5OaoHg,Business Mastermind Call: 2026-03-31T23:30:38Z,"Business Mastermind — Mar 31, 2026",1
NP1B4Ps5_TA,Business Mastermind Call: 2026-04-06T13:59:28Z,"Business Mastermind — Apr 6, 2026",1
QwjMexxS--0,Business Mastermind Call: 2026-04-07T23:31:22Z,"Business Mastermind — Apr 7, 2026",1
GNGQ6srmaGg,Business Mastermind Call: 2026-04-13T13:58:04Z,"Business Mastermind — Apr 13, 2026",1
qVFZubx1UNY,Business Mastermind Call: 2026-04-14T23:29:22Z,"Business Mastermind — Apr 14, 2026",1
z37v78qJ6ag,Business Mastermind Call: 2026-05-05T23:29:39Z,"Business Mastermind — May 5, 2026",1
LlUEVx-Qxyw,Business Mastermind Call: 2026-05-12T23:27:23Z,"Business Mastermind — May 12, 2026",1
baFKO_KjCFk,Business Mastermind Call: 2026-05-19T23:30:14Z,"Business Mastermind — May 19, 2026",1
3i-doFAv-vs,Business Mastermind Call: 2026-05-26T23:30:42Z,"Business Mastermind — May 26, 2026",1
hrOnolh41SY,Business Mastermind Call: 2026-06-01T14:00:21Z,"Business Mastermind — Jun 1, 2026",1
Rs71HCaJYDg,Business Mastermind Call: 2026-06-02T23:25:14Z,"Business Mastermind — Jun 2, 2026",1
DUlwPgtzW7g,Business Mastermind Call: 2026-06-08T13:58:34Z,"Business Mastermind — Jun 8, 2026",1
8ofVrP3rB6k,Business Mastermind Call: 2026-06-09T23:30:19Z,"Business Mastermind — Jun 9, 2026",1
_Cp9-BK3VH0,Business Mastermind Call: 2026-06-15T13:58:37Z,"Business Mastermind — Jun 15, 2026",1
WYyBGm9aqkM,Business Mastermind Call: 2026-06-16T23:29:29Z,"Business Mastermind — Jun 16, 2026",1
F2wwAtl1udk,Business Mastermind Call: 2026-06-22T13:59:44Z,"Business Mastermind — Jun 22, 2026",1
UAl8_L6PMyo,Business Mastermind Call: 2026-06-23T23:28:10Z,"Business Mastermind — Jun 23, 2026",1
8n6d33D-xQ8,Business Mastermind Call: 2026-06-29T14:01:12Z,"Business Mastermind — Jun 29, 2026",1
nqvkwnfS8FY,Business Mastermind Call: 2026-06-30T23:30:36Z,"Business Mastermind — Jun 30, 2026",1
0Ot6ZKGZu-g,Business Mastermind Call: 2026-07-13T14:01:18Z,"Business Mastermind — Jul 13, 2026",1
0jU3dGeLVyA,Business Mastermind Call: 2026-07-14T23:30:12Z,"Business Mastermind — Jul 14, 2026",1
k8xpScvQN2A,Business Mastermind Call: 2026-07-16T16:13:06Z,"Business Mastermind — Jul 16, 2026",1
LLk0KAlpwMM,Business Mastermind Call: 2026-07-20T14:04:12Z,"Business Mastermind — Jul 20, 2026",1
UW8Cb4xietg,Business Mastermind Call: 2026-07-22T18:28:19Z,"Business Mastermind — Jul 22, 2026",1
pAV3DsjDqK4,Business Mastermind Call: 2026-07-22T23:15:50Z,"Business Mastermind — Jul 22, 2026",1
_KRLcndda_g,Business Mastermind Call: 2026-07-28T23:27:18Z,"Business Mastermind — Jul 28, 2026",1
UEkYwiSQ0WI,Business Mastermind Call: 2026-08-04T23:29:17Z,"Business Mastermind — Aug 4, 2026",1
ZUwed4_5ixs,Business Mastermind Call: 2026-08-10T13:59:39Z,"Business Mastermind — Aug 10, 2026",1
-lV9If4fQrc,Business Mastermind Call: 2026-08-11T23:29:29Z,"Business Mastermind — Aug 11, 2026",1
fTr272poDgY,Business Mastermind Call: 2026-08-17T13:57:54Z,"Business Mastermind — Aug 17, 2026",1
X8pmuoQlMiM,Business Mastermind Call: 2026-08-18T23:30:23Z,"Business Mastermind — Aug 18, 2026",1
CLQBTtpQG1o,Business Mastermind Call: 2026-08-19T20:55:49Z,"Business Mastermind — Aug 19, 2026",1
AB0tmhMgWoo,Business Mastermind Call: 2026-08-24T13:59:48Z,"Business Mastermind — Aug 24, 2026",1
IoLs8xS4Bw4,Business Mastermind Call: 2026-08-25T23:29:31Z,"Business Mastermind — Aug 25, 2026",1
N5ax0kDjrUE,Business Mastermind Call: 2026-09-01T23:30:11Z,"Business Mastermind — Sep 1, 2026",1
47deFoJOZ1w,Business Mastermind Call: 2026-09-08T15:01:22Z,"Business Mastermind — Sep 8, 2026",1
PPePqxa8U10,Business Mastermind Call: Core Values,"Business Mastermind — Feb 11, 2025",1
WmxHXioxJsI,Community Live 09152026,"Community Live — Sep 15, 2026",1
VxFA0ygOjWg,NGR 1 22 2026 Dietary Guidelines and Member Roundtable,"New Graduate Roundtable — Jan 23, 2026",1
aSPyHX16WpI,NGR 1 28 2026 Sweetener Comparison,"New Graduate Roundtable — Jan 29, 2026",1
YxX_Lf6Pf50,NGR 10 1 2025 Client Consultations,"New Graduate Roundtable — Oct 2, 2025",1
rxT6JxZk7Rg,NGR 12 10 2025 Case Studies,"New Graduate Roundtable — Dec 11, 2025",1
oKWhT8aNUeA,NGR 12 17 2025,"New Graduate Roundtable — Dec 17, 2025",1
P6V6FZk_yYM,NGR 12 22 2025 Eye Health,"New Graduate Roundtable — Dec 23, 2025",1
h3FpTLE2oGg,NGR 2 25 2026 Constipation and Sunflower Syndrome,"New Graduate Roundtable — Feb 26, 2026",1
e8LaKL1tHAA,NGR 3/25/2026 GI Dysfunction and Functional Frameworks for Assessment and Support,"New Graduate Roundtable — Mar 26, 2026",1
0Gt_nga5OQA,NGR 4 15 2026,"New Graduate Roundtable — Apr 15, 2026",1
4s0Fcb7qKsQ,NGR 4 2 2026,"New Graduate Roundtable — Apr 2, 2026",1
BxS0iX2G4Xc,NGR 4/22/2026 IBS,"New Graduate Roundtable — Apr 23, 2026",1
wSED6A_owlI,NGR 5 6 26 Drug Nutrient Interaction,"New Graduate Roundtable — May 7, 2026",1
TZL7tfoMJEA,NGR 8 12 2026,"New Graduate Roundtable — Aug 12, 2026",1
qmada96ixYY,NGR 8 27 2025 Melatonin,"New Graduate Roundtable — Aug 28, 2025",1
4WdsGliSNL8,NGR 8 27 2026,"New Graduate Roundtable — Aug 27, 2026",1
L3KTBdLdpJM,NGR 8_20_2026,"New Graduate Roundtable — Aug 20, 2026",1
faq8U0Rt6fw,NGR 9 2 2026,"New Graduate Roundtable — Sep 2, 2026",1
yr8qgXqgzzA,Welcome to Holistic Consulting (Now it's time to take action!),Welcome to Holistic Consulting,1
du47i8LQTnc,What the Executive Director of NANP Says About Our Program,What the NANP Executive Director Says About Our Program,1
5oBbkKvqPuY,BacoZest for ADHD with Jordan Passwaters,BacoZest for ADHD — Jordan Passwaters,2
_rBuoYPACNU,Dietary Supplements with Dr Jose Vega MP4,Dietary Supplements — Dr. Jose Vega,2
fBDUxQs8624,Dr Kim Ross Amino Acid Therapy Lecture,Amino Acid Therapy Lecture — Dr. Kim Ross,2
PUftt5qImWE,Dr Mike T Nelson 2026,Performance & Physiology — Dr. Mike T. Nelson (2026),2
Rbqqe6-XjoM,Functional Testing - Dr. Oscar Coetzee,Functional Testing — Dr. Oscar Coetzee,2
mowBWYHvJwg,Herbal Medicine for the Nutrition Professional with Betsy Miller,"Herbal Medicine for the Nutrition Professional — Betsy Miller, Registered Herbalist",2
JU8zEO73Lus,"Herbal Safety for Nutrition Practice - Betsy Miller, Registered Herbalist","Herbal Safety for Nutrition Practice — Betsy Miller, Registered Herbalist",2
7D2ddTLxZlk,"Herbalism for PCOS - Betsy Miller, Registered Herbalist","Herbalism for PCOS — Betsy Miller, Registered Herbalist",2
ZRZx41j9jDM,Herbalism with Dr Rachel Knowles,Herbalism — Dr. Rachel Knowles,2
iF5Wuuev8QU,Importance of Conventional Bloodwork Yvonne Matthews,Importance of Conventional Bloodwork — Yvonne Matthews,2
1dbKV5Lymk8,Psychobiotics for Mental Health - Dr. Kim Ross,Psychobiotics for Mental Health — Dr. Kim Ross,2
PFte4d52RZA,Scope of Practice with Laura Waldo,Scope of Practice — Laura Waldo,2
8B7jmNiavNo,Workshops for Developing Your Business with Morgan Liner,Workshops for Developing Your Business — Morgan Liner,2
64Y9L1_fNtc,GERD From Clinical Guidelines to Current Research,GERD: From Clinical Guidelines to Current Research,3
VXwxBl1Ckq0,The Potential Risks with Elevated HDL Cholesterol,Potential Risks of Elevated HDL Cholesterol,3
fTFtNY7Up8E,"Understanding Immunoglobulins IgG, IgE, IgA in Food Sensitivity and Testing","Understanding Immunoglobulins (IgG, IgE, IgA) in Food Sensitivity Testing",3
YtzYbcU0IRA,Advancing Your Nutrition Career MS and CNS,Advancing Your Nutrition Career (MS & CNS) — Dr. Kim Ross,4
cj3TRKZaplY,BCHN® Alliance Introduction,BCHN Alliance Introduction — Dr. Mike T. Nelson,4
KDQ9goYpzc0,Intro to Herbalism,"Intro to Herbalism — Betsy Miller, Registered Herbalist",4
1fvdwb-H3oc,Mental Health Part 1,Mental Health Part 1 — Dr. Kim Ross,4
Nqjsrukws2g,Module 1 - Intro to Herbalism,"Intro to Herbalism, Module 1 — Betsy Miller, Registered Herbalist",4
3tNlPl4x7VY,Scope of Practice 1,Scope of Practice — Laura Waldo,4
cY9E_b9si6U,08-23-2023 business Q&A lecture,"Business Q&A Lecture — Aug 23, 2023",5
jAx3UGHDttk,12 29 2025 NGR GOALS,"New Graduate Roundtable: Goals — Dec 29, 2025",5
Efy8rOPgIeY,6_18_2025 Nutritional Grand Rounds,"Nutritional Grand Rounds — Jun 18, 2025",5
SeQQkvqS1q8,7_1_}2026 NGR_MidYear Goals,"New Graduate Roundtable: Mid-Year Goals — Jul 1, 2026",5
3xrdFKJve78,AI in Nutrition NGR 5 13 26,"New Graduate Roundtable: AI in Nutrition — May 13, 2026",5
HMhQtw_cLNw,"Fears, Frustrations, Wants, and Aspirations [6/24/25]","Fears, Frustrations, Wants, and Aspirations — Jun 24, 2025",5
59QcWnhbHgc,HRB 637 Live Call from 5/19/25,"HRB 637 Live Call — May 19, 2025",5
Vu7NhmJpbag,Mastermind Call 8/12/2025,"Business Mastermind — Aug 12, 2025",5
AA1PEf8Hgm8,MUIH Intro to HRB 637 4/27/25,"MUIH Intro to HRB 637 — Apr 27, 2025",5
HaHk9jT8q4Q,PUBMED 11 24 2025,"PubMed Session — Nov 24, 2025",5
G66m080T99E,Business of Functional Testing - Session 1,"Business of Functional Testing, Session 1",6
v7HZDM_1fAk,Business of Functional Testing Module 1,"Business of Functional Testing, Module 1",6
LlRGNUgZcGs,Functional Medicine Alliance - Business of Functional Testing,Functional Medicine Alliance: Business of Functional Testing,6
4evhQ9yps-A,Intro to Herbalism - Digestion,Intro to Herbalism: Digestion,6
lOPmPKH5Kws,Intro to Herbalism - Herbal Pharmacy: Infusions & Decoctions,Intro to Herbalism: Herbal Pharmacy: Infusions & Decoctions,6
6ea_d02tdP4,Intro to Herbalism - Herbal Pharmacy: Oil Infusions & Salves,Intro to Herbalism: Herbal Pharmacy: Oil Infusions & Salves,6
nJn-2Kzb0mo,Intro to Herbalism - Herbal Pharmacy: Tinctures & Glycerites,Intro to Herbalism: Herbal Pharmacy: Tinctures & Glycerites,6
ws4I0lsGuqc,Intro to Herbalism - Module 2: Herbal Actions,"Intro to Herbalism, Module 2: Herbal Actions",6
uSLhgv7hWYE,Intro to Herbalism - Module 2: LIVE Session Recording,"Intro to Herbalism, Module 2: Live Session",6
fF7uV73zW18,Intro to Herbalism - Module 3: Herbs for the Nervous System,"Intro to Herbalism, Module 3: Herbs for the Nervous System",6
KsHrcM_3Ib0,Intro to Herbalism LIVE session #1,"Intro to Herbalism, Live Session 1",6
zxfPxCIzgxI,"Introduction to Herbalism - Immune, Respiratory System Overview",Intro to Herbalism: Immune & Respiratory System Overview,6
bwVPqzQzUkc,Alicia Weber MP4,Alicia Weber,7
lktH-EpD3q0,Alicia Weber MP4,Alicia Weber,7
ZkMLvZhr5fc,Business Roadmap [example],Business Roadmap (Example),7
3QhzRI6LLDs,Corrine Testimonial,Corinne Testimonial,7
mzDetLEgtrQ,Dealing with non-compliant clients,Dealing with Non-Compliant Clients,7
CYFPxJCC3Xg,Destination intro,Destination Intro,7
zbRJozGRlr8,Evidence Informed Practice EIP,Evidence-Informed Practice (EIP),7
t-2RumXJSHY,Feb 2025 cohort intro,Feb 2025 Cohort Intro,7
Tq2HnJk-aBU,High Value Mindset,High-Value Mindset,7
mPxzoIBtElo,I help,I Help,7
nIwltgfl29M,Joe Testimonial (BCHN Feb '23 Cohort Member),Joe Testimonial (BCHN Feb 2023 Cohort),7
kkJU32Aens0,Masering Immune Balance Part 1,Mastering Immune Balance Part 1,7
99zFEcHDJZI,nutritional counseling 2,Nutritional Counseling 2,7
B6DKkCRKGP4,nutritional counseling 3,Nutritional Counseling 3,7
iE1OMFIg2l0,Per Session Basis,Per-Session Basis,7
dma5FztkWQ4,Per Session Matrix,Per-Session Matrix,7
HtxxYaG3Uj8,Practitioner Toolkit guide,Practitioner Toolkit Guide,7
VLjxq5FpnAc,Redfining IBS,Redefining IBS,7
9n9oLpV3uag,SIBO MasterClass,SIBO Masterclass,7
tkINS6S4FDs,Small Intestinal Bacteria Overgrowth,Small Intestinal Bacterial Overgrowth,7
MjU4K0PT5EA,start with 1 1,Start with 1:1,7
2j1ArauC_H8,0 to 1: Finding Traction for your Practice,0 to 1: Finding Traction for Your Practice,8
JS3s2u1kMxM,10 29 2025 Member Roundtable,"Member Roundtable — Oct 29, 2025",8
n1YTXjjYHwo,2026 Career Roundtable,Career Roundtable — 2026,8
HDo41x9DF48,30 Day Career Jump Start Program Intro,30-Day Career Jump Start Program Intro,8
2thsO34BifI,30 Day Career Roadmap Webinar,30-Day Career Roadmap Webinar,8
UArakME4Vh8,Alicia - Finding First Client,Alicia: Finding First Client,8
IbK8aUzj5hQ,Alicia Celebrates a BIG win!,Alicia Celebrates a Big Win,8
0lXbOzTR848,BCHN Info Session Nicole Hodson,BCHN Info Session — Nicole Hodson,8
4PH_-eicHRg,Blood Work and Functional Medicine Yvonne,Blood Work and Functional Medicine — Yvonne,8
L7EJ-CDkR9o,Career Roundtable 10 15 2025,"Career Roundtable — Oct 15, 2025",8
uPPPyWPpNnw,Case Roundtable 6 10 2026,"Case Roundtable — Jun 10, 2026",8
PRdOniFEmk8,Clinical Roundtable 6 17 2026,"Clinical Roundtable — Jun 17, 2026",8
Mh9H7fCTX30,Clinical Roundtable 7 2 2025,"Clinical Roundtable — Jul 2, 2025",8
OBbsxfqKalA,Day 30 - Next Steps,Day 30: Next Steps,8
FMNcNW6FOK8,Determine your Niche (Quick Version),Determine Your Niche (Quick Version),8
6ycsDs9NolE,Digestion and Microbiome Training Series Part 2 GI Dysfunction and Functional Frameworks,"Digestion and Microbiome Training Series, Part 2: GI Dysfunction and Functional Frameworks",8
tw33rflrvVU,End of Year Wrap Up [Live Call] - 2024,End of Year Wrap-Up (Live Call) — 2024,8
ZUQV-il8-q0,Finding Leads & Making Sales [Lecture],Finding Leads & Making Sales (Lecture),8
GV9eiATj4cc,Finding Your First Client   Defining Your Program,Finding Your First Client: Defining Your Program,8
ufTzi3g-keQ,Finding Your First Client   Discovery Call and Making the Sale,Finding Your First Client: Discovery Call and Making the Sale,8
HxW41HDz8Qg,Finding Your First Client   Friends and Family,Finding Your First Client: Friends and Family,8
O7kNFWTubUw,Finding Your First Client   Mindset,Finding Your First Client: Mindset,8
mRyHQgxcZck,Finding Your First Client   Workshop Model,Finding Your First Client: Workshop Model,8
cLdBt0Jr6GA,Finding Your First Client - Discovery Call and Making the Sale,Finding Your First Client: Discovery Call and Making the Sale,8
BE38IyUnxyA,Finding Your First Client - Strategy Call Invite,Finding Your First Client: Strategy Call Invite,8
R67lLMvT9Pg,FMA Blood pattern YM week 1,FMA Blood Pattern YM Week 1,8
sTaUIqLUkR4,Functional Testing with Danielle 2025,Functional Testing with Danielle (2025),8
Xdl13-m4FdU,GI Digestive Health Microbiome Pt 1b,"GI Digestive Health: Microbiome, Part 1b",8
Bzy8G9BAqpg,GI Digestive Health Pt 1a,"GI Digestive Health, Part 1a",8
HkOlHqzTS_4,GMT20260429 233158 Recording 1920x1080,"Recording — Apr 29, 2026",8
ceh95Ekz8Gk,How Alicia W. found her first client.,How Alicia W. Found Her First Client,8
VHoJxlAXnME,How Corinne Found her First Client,How Corinne Found Her First Client,8
WZXLmWh0Hd8,Immune Balance Part 2 Intolerance allergy sensitivity,"Immune Balance Part 2: Intolerance, Allergy, Sensitivity",8
3Xe64tvUXs4,Immune Microbiome Development and A1 Beta Casein,Immune Microbiome Development and A1 Beta-Casein,8
gIXYpdY6Uys,Infertility and NaPro Technology with Julie T,Infertility and NaPro Technology — Julie T,8
X3Tv38VP6IA,Inflammation Savannah Limbaugh,Inflammation — Savannah Limbaugh,8
RdLIFeAr6uM,Interested in working with us?,Interested in Working with Us?,8
fwZz9ZHX-Dk,Journal Roundtable 8 20 2025,"Journal Roundtable — Aug 20, 2025",8
J_-O_j1Sb-w,Julie T NaPro 2,Julie T: NaPro Technology Part 2,8
T3svpVLeYSg,Nutrigenomics w/ Val,Nutrigenomics — Val,8
POwt0TMD2uA,Nutritional Genomics Pt 1,Nutritional Genomics Part 1,8
tYlfQhFEekY,Nutritional Genomics Pt 2,Nutritional Genomics Part 2,8
gIwVI8AiP60,Nutritional Genomics Pt 3,Nutritional Genomics Part 3,8
K5JXZ8rAYak,Nutritional Genomics Pt 4,Nutritional Genomics Part 4,8
LbhnKgbZwGs,Nutritional Genomics Pt 5,Nutritional Genomics Part 5,8
ETvc5KGCEnw,Nutritional Genomics Pt 6 FH,Nutritional Genomics Part 6: Family History,8
0Snc499izkI,Optimizing your Discovery Call [Case study w/Cara],Optimizing Your Discovery Call (Case Study with Cara),8
wwglfhLZrEk,Outline your Dream End State,Outline Your Dream End State,8
fbSWTnhpDfo,Paige Testimonial David Nutrition Advice,Paige Testimonial: David Nutrition Advice,8
rc1RQVVHLAk,Paige Testimonial David Nutrition Advice,Paige Testimonial: David Nutrition Advice,8
TFTUfkC1OzU,Professional Outreach Engaging w Purpose,Professional Outreach: Engaging with Purpose,8
51QGw7fAy1g,Social Media & Functional Testing [Live Recording],Social Media & Functional Testing (Live Recording),8
0jfs7u--ZeM,Spiraling Up! The required mindset for growing yourself and your business!,Spiraling Up: The Required Mindset for Growing Yourself and Your Business,8
arPBVZ6bf7I,Sporebiotics Pt 2 Red Clover GERD,Sporebiotics Part 2: Red Clover & GERD,8
426Ghqq-AVQ,Strategic Business Relationships Case Study & Deep Dive,Strategic Business Relationships: Case Study & Deep Dive,8
j4m-TEU3sY8,Strategic Business Relationships with Jade,Strategic Business Relationships — Jade,8
QKq5EHLFvT0,Synergistic Business Connections [Overview],Synergistic Business Connections (Overview),8
O4TWnnpjWOc,Telling Better Stories for your Program,Telling Better Stories for Your Program,8
3TnAXedY8ZI,The Parts of the Business Roadmap [what we're building],The Parts of the Business Roadmap (What We're Building),8
9as5s7ScKHE,The Power of Following up,The Power of Following Up,8
1nDGWugLMEY,What we're trying to build,What We're Trying to Build,8
VDXusJfpgAk,Who do you serve?,Who Do You Serve?,8
VXGZZirK56I,Grand Rounds 09172026,"Grand Rounds — Sep 17, 2026",9
OjkzfeJz66o,Can we eat to starve cancer? - William Li,"Cancer, Angiogenesis, and Nutrition — William Li",10
